SNSUserID,SNSType,accountID,userName,followersCount,postsCount
1,Twitter,52803520,astros,1455653,72000
2,Twitter,30008146,tigers,1453071,49251
3,Twitter,40931019,Rangers,1426982,43627
4,Twitter,382708289,ABREG_1,242213,7895
5,Twitter,2811330143,TeamCJCorrea,221551,740
6,Twitter,424695908,JoseAltuve27,233906,236
7,Twitter,546991634,Ncastellano22,236,323
8,Twitter,220336959,MiguelCabrera,1191016,1542
9,Twitter,1375151137,jeimer24C,13192,372
10,Twitter,568612380,ElvisandrusSS1,258822,3667
11,Twitter,168735527,hunterpence,675777,6099
12,Twitter,285887026,NomarMzra26,20287,986
13,Twitter,1112135697966743552,StevieProud,893,743
14,Twitter,179760789,SeanUnfiltered,31229,53377
15,Twitter,894788439769350144,Jejeepth,10,1393
16,Twitter,19094501,Intertops,4424,22890
17,Twitter,2225450191,deanareyes13,13,1246
18,Twitter,1037332380481204226,Dominiq49787136,93,1568
19,Twitter,1899305683,UT_Longhorns,152,211
20,Twitter,24911049,Danagarnett,3800,10720
21,Twitter,1085788672727777280,Cutie_Bmee,45,3161
22,Twitter,817121097003008000,SSalisburyShow,4732,13354
23,Twitter,1102190074144292864,TIK_dongmin,99,2820
24,Twitter,927812480616644608,Bam67075298,17,3950
25,Twitter,436811501,Djredbull_,227,3371
26,Twitter,1076686945516847105,GirlRoman,22,1024
27,Twitter,16145470,phxastrosgrl,273,3300
28,Twitter,907542209657847808,happybdtyou2020,29,3257
29,Twitter,895089118576877568,bderp_25,144,1301
30,Twitter,24055011,clevelandgirl23,176,9320
31,Twitter,1097462678262472704,mmmxqt,16,1028
32,Twitter,949114455643664385,Wariss_s,123,585
33,Twitter,1080308223414947840,kaemhom53904391,22,3884
34,Twitter,916537815810195456,Kanun_2003,0,27
35,Twitter,934247750912286720,Pattira68153204,23,26908
36,Twitter,892752161523679233,ASTRO_INMY_MIND,4,1129
37,Twitter,1086568809807306752,pnzxq,19,684
38,Twitter,1107600062354325505,film445566,5,149
39,Twitter,901106795749429248,saeng18y,30,9552
40,Twitter,1001384112039477248,Soo03876085,32,4822
41,Twitter,809231611883466752,momayaggt,103,5316
42,Twitter,972478522802429952,rayywrt,1,258
43,Twitter,1013930288,NickCasas,105,3218
44,Twitter,1074577694401159169,loyaltohouston1,569,12335
45,Twitter,145517775,LilMaccc,1011,134521
46,Twitter,3024540654,BazingaBBG,340,30562
47,Twitter,106473096,ntebdwa,25,13548
48,Twitter,785152307000258560,theme_park98,32,877
49,Twitter,2398587702,crespibaseball4,116,502
50,Twitter,74384459,Thee_LB53,2606,262846
51,Twitter,265191012,ballnightlong,216,2952
52,Twitter,1115748768,CRocioContreras,440,24422
53,Twitter,1114802646,ZamarripaLinda,85,1128
54,Twitter,879598241737789440,Dirty3rdAstros,496,19900
55,Twitter,307702713,BrittneyJRose,13,28250
56,Twitter,3869348480,chicle698,56,973
57,Twitter,1107362578571902976,inprenolac,16,340
58,Twitter,3869268614,broadrobbins694,82,1024
59,Twitter,719473219045093381,carsten_helssen,208,1146
60,Twitter,972993330,slim10lys,1612,15020
61,Twitter,104661624,Maikvargas,136,5337
62,Twitter,285899517,EmreTX,229,12646
63,Twitter,1890189354,ArchLinHamada14,156,25467
64,Twitter,1655488052,CappedIn_Feed,4762,57798
65,Twitter,345602945,astro_numbers,1357,4768
66,Twitter,1108259591484293120,aspelcilo,11,268
67,Twitter,483253052,DGtheGrandDaddy,432,4347
68,Twitter,296338695,Bballlawyer,1933,25893
69,Twitter,1047540077436588032,Colinward_14,45,91
70,Twitter,1065023850432421888,Mikecharro1,119,3980
71,Twitter,851536909,ChronAstros,12421,21455
72,Twitter,774420018498985984,Rickneal13,37,31
73,Twitter,1004478419529293824,AstrosNVinoGal,983,14953
74,Twitter,4501982473,TalkingStros,4070,9028
75,Twitter,912826728371838976,LockedOnMLB,374,3046
76,Twitter,246110863,movbrowniano,182,6499
77,Twitter,343845281,purobeisbolfb,27012,61212
78,Twitter,1108062156749197312,LockedOnAstros,213,160
79,Twitter,2869714790,EricTalksStros,2788,16949
80,Twitter,3474674058,kiara_doritos,68,1677
81,Twitter,326572116,Cory2287,617,20644
82,Twitter,152900954,deleonmm,140,12417
83,Twitter,1015894382,gach_98,346,2274
84,Twitter,1152452377,shaunlang24,62,1947
85,Twitter,821086455225143297,HouMoogle,344,19094
86,Twitter,878015332962754560,AstrosFansUK,2182,19964
87,Twitter,81515151,mindsand,83,2333
88,Twitter,1016227852587585536,AstrosShow,27,837
89,Twitter,244814883,cfssports,2551,2081
90,Twitter,2845495748,beaner23x3,40,513
91,Twitter,36152358,Official_IBI,7839,47091
92,Twitter,2275203205,Jeremy_Morgan92,305,37718
93,Twitter,351610732,AdamSchabel13,510,37218
94,Twitter,176858880,DanOShedd,502,33787
95,Twitter,898821864,majacks13,20,2243
96,Twitter,804160469481222144,ostwhighlander1,137,3287
97,Twitter,393822490,xo2323,51,954
98,Twitter,2553489247,jessicasosa146,286,10556
99,Twitter,1853071652,beckypbear,93,2270
100,Twitter,3165566243,sanijohn0,258,447
101,Twitter,729168722,ATTSportsNetSW,59778,17157
102,Twitter,960630509066969088,bethanykaryssa,46,197
103,Twitter,2787335248,libbydettman727,16,278
104,Twitter,872225649079046144,s_seiber22,142,8494
105,Twitter,522844540,suziqkelley,5489,124243
106,Twitter,433090704,LaneSanders,581,4875
107,Twitter,883450910122418176,ElVrother,24,912
108,Twitter,791905724532129793,Raging_Herman,19,3347
109,Twitter,930544706991411200,1300KWL,321,42094
110,Twitter,1121233536877461507,BosticWalter1,32,3
111,Twitter,730208094513287168,lashae_keith,360,6467
112,Twitter,1108254519270477825,BlissCarmella,260,804
113,Twitter,3788408053,bbillssss50,49,594
114,Twitter,767329230262763520,official_marcks,355,48239
115,Twitter,426850057,_bmedina03,468,28138
116,Twitter,1035404389,lukeydukey71,348,2420
117,Twitter,196836469,chawanbahd,256,49459
118,Twitter,1118587799303802881,BudgenTom,18,1329
119,Twitter,1115132885126848512,Drakeju20591916,77,273
120,Twitter,2371351951,AllieRich218,931,23353
121,Twitter,297641551,therese_walker,641,8628
122,Twitter,231833846,jeongadam,297,61322
123,Twitter,211895463,nynfa711,1046,30735
124,Twitter,1713184964,KevyBhoy79,1536,44326
125,Twitter,974046389905870849,AggieM1A,24,1228
126,Twitter,983459527235268608,kelley_kastorff,0,3
127,Twitter,2702041424,joseanmolina94,573,34952
128,Twitter,47865937,fatesdisastr,83,920
129,Twitter,4063765092,realrankinwhite,90,717
130,Twitter,1358431248,bab33amber,228,8456
131,Twitter,1121652426463793152,bootstomper1010,0,8
132,Twitter,220606725,fantic7,27,1803
133,Twitter,3699710295,RalphG322,100,5131
134,Twitter,752568510685978624,jkieran1,32,1047
135,Twitter,14675499,prelude92,95,2941
136,Twitter,233839735,MHabi55,565,24932
137,Twitter,788890072925954048,moonbot24,243,53993
138,Twitter,1111367582806958080,cpenny81,68,455
139,Twitter,1113381387854385152,MathewH14861978,13,44
140,Twitter,846276908480446465,asusieq007,5,15
141,Twitter,2279769133,alexloerac1,236,1564
142,Twitter,46773585,TwinLily,296,9891
143,Twitter,1053099234252206081,saltwaterpanda1,2,19
144,Twitter,829005928921956352,JoeMock97,8,61
145,Twitter,3345185711,pinkteddy_bella,2402,250054
146,Twitter,746438214072795136,PashaUzi,1756,1790
147,Twitter,52187362,bigreyn321,1192,33564
148,Twitter,576322936,grantmason12,311,2791
149,Twitter,970606163296337925,vidales41,4414,3403
150,Twitter,232342924,EAlexisss_,2443,3452
151,Twitter,848246922,BigJimSports,1359,88394
152,Twitter,855464066,Dusty_Coog20,2192,87404
153,Twitter,23108081,Evan_P_Grant,71225,116485
154,Twitter,3600854833,alfredotodd71,617,36604
155,Twitter,898386193,OrbitAstros,71203,6604
156,Twitter,879026163351519232,Chris_Harley9,80,1115
157,Twitter,993258423939665920,Qu33nnL,209,41856
158,Twitter,2176770900,Imstillhere2019,98,299
159,Twitter,327211934,DaSportsButler,141,4953
160,Twitter,1083453393958518786,george_rhoads,17,221
161,Twitter,27743671,Champs13,634,139925
162,Twitter,28712544,BooksbyVictoria,1911,72270
163,Twitter,1081250855800721415,JohannaMecum,19,452
164,Twitter,51933636,BennyA13,739,35056
165,Twitter,993677335835508737,Teddye19,4,298
166,Twitter,882625680973987842,GabbifromTexas,224,5433
167,Twitter,827273524502867970,RachaelYStanley,5,23
168,Twitter,2732069610,NGSCSports,1415,15274
169,Twitter,789909218757316608,PollsnOpinions,2125,26406
170,Twitter,1067272729441783809,robertavila_23,59,74
171,Twitter,15362756,brandon44133,81,1811
172,Twitter,1017999056033996800,biancaleslieann,241,2588
173,Twitter,1431629125,gochitomx,104,779
174,Twitter,2935140904,yungjxx_x,339,17345
175,Twitter,2275827048,fredoRdz_,843,10483
176,Twitter,1090871960421261313,hrrsnwllms,258,1430
177,Twitter,32682746,rettaroo2,25,1386
178,Twitter,1637556577,victoriaboo22,220,1545
179,Twitter,4433090354,FoxVerdun,13757,41261
180,Twitter,19243536,TeshawnEdmonds,3970,838139
181,Twitter,543951793,abarlas34,261,44146
182,Twitter,1026214434438606851,BearsSic,4,765
183,Twitter,25795116,jayseedub,2520,71975
184,Twitter,466418895,reubenchinonso,21,402
185,Twitter,1023741877,ue_tora,26,36
186,Twitter,886126800035864576,bglodmou,8970,11898
187,Twitter,422688374,kurosironeko12,1439,51366
188,Twitter,845288163706753024,st_motherchibi,12,768
189,Twitter,2552159864,wotageipride,511,27533
190,Twitter,802169169181638657,FabulousFab__,35,294
191,Twitter,2243676689,WHronis,218,70932
192,Twitter,999923856470032385,eliblackbloc,26,564
193,Twitter,3316947666,popo_rara_choko,23,27980
194,Twitter,125261396,yukiguns,371,21873
195,Twitter,1104527538481700865,Fabio78315557,4,3
196,Twitter,1077851056602632193,Teisyou_17,143,800
197,Twitter,1267574600,TigersTuebingen,10901,4152
198,Twitter,943449489347448832,58akikan_tigers,1280,12657
199,Twitter,546785428,Shin__Nao,1303,15235
200,Twitter,841566067851853824,memekan9999,31,2981
201,Twitter,2443407791,TodayintheMLB,2117,49009
202,Twitter,1559976906,V_Tigers334,2741,167170
203,Twitter,134901995,frankmill8822,49,279
204,Twitter,154433404,lovely_baseball,20446,592067
205,Twitter,2583815953,TigersFFT,2848,4115
206,Twitter,878816829203922944,Misty831996,90,24369
207,Twitter,107025767,noritica48_46,1296,66104
208,Twitter,1111556600592924672,catcher2013_,88,157
209,Twitter,1072772430416900096,dcKViQDvI6lVfxB,302,177
210,Twitter,111496759,hayami37,12,12907
211,Twitter,716375034789556224,JohnWilly1989,100,9998
212,Twitter,861079809090142209,kogisaku,1532,29573
213,Twitter,868833408880959489,naouelnawww,43,6722
214,Twitter,1304468210,vetmart4pets,1791,4361
215,Twitter,579456971,reo_naniwa,3360,41136
216,Twitter,3365240399,karareckard,135,3425
217,Twitter,3119512590,hansin_aruaru,559,38116
218,Twitter,1095246045200568320,JerseistChannel,65,30
219,Twitter,2779370655,eea38695b7104c1,3595,41343
220,Twitter,152256710,nitche_cat,897,56537
221,Twitter,2699009521,_TOMOAKI_LOVE_,118,69440
222,Twitter,3692447473,bays_tetsu_,2247,58860
223,Twitter,2676481292,GreatWhiteness,926,72528
224,Twitter,2204941597,ChitourSaid,52,347
225,Twitter,4183447155,phelpscat1,18,1878
226,Twitter,870631243456454656,taket130410,188,430
227,Twitter,869896806,kazuhinoki,109,11462
228,Twitter,2997847136,akidream66,509,65554
229,Twitter,612498975,AussieAce_,669,23967
230,Twitter,4819589566,Ditihalo_Mmusi,234,3233
231,Twitter,1114251637281964032,Javier_martine7,4,95
232,Twitter,1072368512239394816,Wisdom111111,39,575
233,Twitter,1994321,FRANCE24,3147463,323495
234,Twitter,1019478122775736320,Haraguchi_94,1843,8498
235,Twitter,4264538783,BBCShropSport,2656,12729
236,Twitter,620611058,tomo1212ak,306,4459
237,Twitter,2464018507,TouixTigers,4625,23059
238,Twitter,2805344720,BaseBallMOnline,22037,17953
239,Twitter,1024156498727849985,Yudai_hanshin25,996,1726
240,Twitter,731800160745836544,tigers_7777,218,15272
241,Twitter,378212939,terayan0610,129,7223
242,Twitter,980289311487610880,sponichi_endo,8579,8773
243,Twitter,1083361377404637184,haya46373,362,4220
244,Twitter,2605050139,npb_draft_bot,4920,82037
245,Twitter,2391205645,stsdra,1053,32838
246,Twitter,709741295317561344,7eSCgsJ6nvxhvcE,566,3752
247,Twitter,836137825896542208,bunshun_yakyu,8342,3614
248,Twitter,2378269195,TigersFang_2014,328,3310
249,Twitter,1089960472038653952,gen333333,86,4423
250,Twitter,2207525966,MrsMorrisonBHS,515,15006
251,Twitter,2909815524,ddsheet3612,2149,108551
252,Twitter,1087266198364991488,Johirabbas12,19,463
253,Twitter,773530129,BHS__Principal,1018,18958
254,Twitter,1102900533432442880,syoudai86899271,132,175
255,Twitter,2969185369,npb_player_bot,4549,72734
256,Twitter,903035119832711168,TigersLove919,175,539
257,Twitter,278869125,1116hitomi,931,51929
258,Twitter,257381373,torajin07yasuda,736,31781
259,Twitter,980464934449504256,Totoro_Hero,118,26150
260,Twitter,903881827240222720,chinatorayaga,2531,5015
261,Twitter,2842793728,brglilly,695,7982
262,Twitter,229564337,offside1839,1037,68832
263,Twitter,1116286528714682369,CptMlb,10,10
264,Twitter,750763772,phoebesaid,1332,2678
265,Twitter,241307969,mike_darpino,297,10707
266,Twitter,721117543,vmyers1995,195,5816
267,Twitter,306849983,RonFromLasVegas,29160,72715
268,Twitter,3290945359,KalanOTMA,16,24547
269,Twitter,232043123,jaxson99,107,3166
270,Twitter,416512849,Uhearit2,62,728
271,Twitter,719771667191492609,zolabudd21,10,16
272,Twitter,390978276,colinadams83,162,9595
273,Twitter,318042613,The_Ty_Cobb,2653,53184
274,Twitter,275863515,numberfortyfive,661,70065
275,Twitter,1102173553494056960,AlleenFitzhugh,66,20
276,Twitter,756399674,Joestradamu5,154,3688
277,Twitter,1114639318453293057,BerthaLaird18,9,377
278,Twitter,1070838630778732544,Sports_Report09,495,1636
279,Twitter,2376704669,AutumnGruber,711,9297
280,Twitter,3299562471,jeffgluck1755,108,8175
281,Twitter,962078879967076352,bygoneballgames,701,489
282,Twitter,1332853562,DrewD977ESPN,6635,105923
283,Twitter,1646841954,MackFoley1,107,3712
284,Twitter,2597834779,TennesseanHale,2934,79270
285,Twitter,467182644,twobigboysblog,77354,82394
286,Twitter,2460362978,kbadla23,68,2312
287,Twitter,999765192824238086,ZacharyCosta14,444,16611
288,Twitter,91292348,LuvnTheBeatles,7911,155159
289,Twitter,406607242,stvnslotterback,378,12695
290,Twitter,979332787,BrandonPirrone1,205,1542
291,Twitter,1443028970,ReginaaWuu,157,1401
292,Twitter,213390345,notpaulmitchell,367,1330
293,Twitter,1034387708,wheatpop,499,9803
294,Twitter,1791952309,YoungGreekOpa,218,4218
295,Twitter,312198098,PaulZeise,27827,105486
296,Twitter,3028664264,JDTheRoadrunner,233,1102
297,Twitter,19885361,joejanecek,696,79897
298,Twitter,1098024330745630720,sopwith0913,5,22
299,Twitter,86199549,humptydance23,511,26616
300,Twitter,2274779832,vpartysports,724,22934
301,Twitter,3031602967,gitrithm,267,17717
302,Twitter,898361996789374976,Jayde3e,16,508
303,Twitter,54231759,PhillyPhreedom,912,21267
304,Twitter,3432606731,GasperoniRobert,293,32383
305,Twitter,339476134,John__Cole,1429,54245
306,Twitter,1301458598,gollymsholleigh,342,11147
307,Twitter,911650394,bschwzz_barry,51,4293
308,Twitter,3140664026,kidkapper10,254,7209
309,Twitter,759837605286424576,realmrhaney,60,577
310,Twitter,626070771,kusmog,3,79487
311,Twitter,1641844472,EmCstMichFanClb,1418,31650
312,Twitter,23703107,PresBillMacohe,186,24378
313,Twitter,9942702,Ben_M_Berry,1875,165689
314,Twitter,102202964,LACreoleman,953,86260
315,Twitter,40696902,sis2catbat,495,29938
316,Twitter,1216687669,KansasMariahJ,428,7576
317,Twitter,1090704649043275778,AdamsBrandell,3,401
318,Twitter,3076476387,sportsshiftzac,38,3476
319,Twitter,22288744,tonypascarella,398,49230
320,Twitter,4239010759,AudreyBaerry,15,1877
321,Twitter,1118221849421393928,lilgeneralstrs,1,28
322,Twitter,600710249,Rach_Ryz,1138,53037
323,Twitter,828273831886233600,mookieformvp,1,89
324,Twitter,130930417,ashnoelwmi,4205,144115
325,Twitter,2327598600,patabbo623,977,70440
326,Twitter,1915651248,scott_sura35,329,5891
327,Twitter,842208704057507840,RogerWalterGoo3,50,583
328,Twitter,277317161,aemcburney,710,9709
329,Twitter,141126739,sSkyleRr,1999,2855
330,Twitter,899444755716866048,J_Goldie27,176,8569
331,Twitter,1491629612,hkfinan,330,21632
332,Twitter,1087798756496601088,LindysTavern,21,226
333,Twitter,47541011,michaelhag,478,8815
334,Twitter,1463424926,badgalmiri_,701,23757
335,Twitter,752596670,AbsoluteAngel84,89,81
336,Twitter,19135664,christopherguz,1224,9725
337,Twitter,20574010,itsayapapaya,1645,37351
338,Twitter,1184271630,24TigersFan,122,10880
339,Twitter,755171301698969600,heikkikathy1948,24,3007
340,Twitter,132190102,silvaluis26,97,7337
341,Twitter,4259122581,ChicoCrout11,349,723
342,Twitter,2864034442,SpoolandThimble,581,34317
343,Twitter,780430083060273152,PropertyTiger72,21,269
344,Twitter,352465823,ScottyRayJ,488,36654
345,Twitter,1458543319,jlalfinger,209,600
346,Twitter,2958913807,27cc40a7ee3a402,436,21562
347,Twitter,1318467498,cheesy_babyy,1666,14486
348,Twitter,45764323,cruz_v,346,39284
349,Twitter,227077203,thadon1971,1123,40014
350,Twitter,855661959361945600,ThatsNotVN,809,2656
351,Twitter,104290001,theopsports,2135,37704
352,Twitter,2584532244,jakedonovan22,310,765
353,Twitter,2267353439,Gary_A_Watson,697,5114
354,Twitter,2801035965,dmann1471,347,50538
355,Twitter,2483998729,CowdenFS,44,1847
356,Twitter,1105242148763561984,RFCBear1,1069,122
357,Twitter,2490382505,PengellyAaron,571,5381
358,Twitter,2483877056,TheDiamondsFS,102,2729
359,Twitter,2426526207,7TariqM,1203,174734
360,Twitter,3235772212,HITCdeadlineday,17182,69132
361,Twitter,2483967780,LiviFS,107,1720
362,Twitter,2474160674,BullyWeeFS,102,1715
363,Twitter,774700368383049728,IJT1964,2,47087
364,Twitter,1354460654,JeffNavales,30,5100
365,Twitter,1019933134014636032,2900jack,58,3134
366,Twitter,2394467639,NTSOCIAL2,114,4698
367,Twitter,199882999,biglifeafrica,8561,2936
368,Twitter,1069665281117749248,WilliamCatlow1,61,1780
369,Twitter,854221157045866496,KyleMo1872,84,1959
370,Twitter,594538811,ThirdLanarkFS,27,1464
371,Twitter,542774639,garymcdougall24,1108,9151
372,Twitter,2806210123,RangersFNH,1581,37442
373,Twitter,617103527,musteehadee,1146,23642
374,Twitter,319590350,_KieranScott_,541,22749
375,Twitter,1009696639592947714,BrianHassan12,1322,14463
376,Twitter,2554488936,alain_duez,16,247
377,Twitter,2600471670,lfcdizzy,725,60018
378,Twitter,419061083,Taylorbrown_1,639,2734
379,Twitter,2726675603,BettingDirector,248881,7738
380,Twitter,715935247,LukeBridgwater,189,774
381,Twitter,4089521703,SamCufflin,125,3083
382,Twitter,243176136,Jkeenan1972,750,19794
383,Twitter,1039180386,SebastienEpiney,451,3394
384,Twitter,463907038,KevP82,311,4985
385,Twitter,1120364351096016896,BWilayat,3,8
386,Twitter,409369801,AlexxSeymourr,1133,18100
387,Twitter,756894376970817536,FraserGemmell10,260,620
388,Twitter,579771360,ZCarruthers95,472,6039
389,Twitter,747128899,junemcallister3,1529,12922
390,Twitter,1249469203,davidt_toner,391,15373
391,Twitter,2484010153,SpidersFS,68,1737
392,Twitter,3329210512,weirswar,139,9122
393,Twitter,4892025921,soccerteesGB,5636,8668
394,Twitter,311109931,StewartRodgers_,1023,18126
395,Twitter,2618332503,jamhks,223,1092
396,Twitter,2471210971,MotherwellFS,39,1944
397,Twitter,836301327898652672,EOS1872,1654,806
398,Twitter,1074552486,MarkIrwinK9,409,11539
399,Twitter,201430464,helderismyboy,1032,24522
400,Twitter,847336422621061120,Safeco330,591,12057
401,Twitter,3010618437,AJohnston54,402,7197
402,Twitter,518004168,ItzThatKid,1913,38006
403,Twitter,477926384,paulmillar4,287,490
404,Twitter,1114456505309442048,Countdr00969748,39,144
405,Twitter,31750838,ScottieMcClue,4035,70273
406,Twitter,1071070125099544576,SM_Memorabilia,18,11
407,Twitter,355749447,scottgall_,1123,30207
408,Twitter,1056889183615311873,scotstadium,135,22555
409,Twitter,293315470,sweirz,7222,74188
410,Twitter,828961125408579584,StuartCathro,80,507
411,Twitter,816785482021486592,turbomac17,237,1264
412,Twitter,350367103,MEW1934,10055,5923
413,Twitter,563096253,siamscot,7,280
414,Twitter,440928081,GDARocafella,685,4805
415,Twitter,109634523,RRFC_tweets,2339,6070
416,Twitter,555201518,Bigzeb88,811,11722
417,Twitter,1032992801158512647,Riverman371,6,691
418,Twitter,920225975379603456,TheREALISTERR,258,6694
419,Twitter,411055786,EvanzGotTheGift,262,5034
420,Twitter,447012410,UKASSNI,5408,9954
421,Twitter,4786815137,12bissett,221,1935
422,Twitter,26384855,TCU_GOFROGS,76,1989
423,Twitter,939585936,T0mmy_Hall,387,8928
424,Twitter,38388599,JrMariner77,3841,13486
425,Twitter,997164714991017984,Glennlennon10,185,1411
426,Twitter,2342016130,ArranThamo,535,18007
427,Twitter,1117187373157289984,dylanha90480191,12,23
428,Twitter,1459802210,pbsportswriter,7385,21944
429,Twitter,3081343325,LukeJosephh4,51,699
430,Twitter,1039295484689448961,mauOaBuleHuV9Pv,1,41
431,Twitter,464969113,rangers_alan,213,349
432,Twitter,718843713208872960,callumoneill44,701,67086
433,Twitter,20575136,kskjal,1108,32731
434,Twitter,1078556812993937409,HowieKeir,11,143
435,Twitter,798329330627645443,DylanR_1690,305,1023
436,Twitter,453492699,RM___________,440,20847
437,Twitter,617079121,JDMRFC,177,1805
438,Twitter,464858987,KerryRussell21,227,1570
439,Twitter,314420844,4thProtocol,6735,21337
440,Twitter,1543549483,KIEZAGEE,438,4085
441,Twitter,749820042,x_jordan_crook,338,8231
442,Twitter,108742237,JeffWilson_FWST,26732,41197
443,Twitter,826843561542950912,anneballentine1,316,2736
444,Twitter,1029477862338953216,dhee02151118,57,261
445,Twitter,728726465701937152,LiamJones04,296,655
446,Twitter,344146565,Stuart_Davies1,256,11238
447,Twitter,1118960029988790285,agoodsportsshow,14,152
448,Twitter,1054409910275002368,franck_rangers,149,285
449,Twitter,1061281214,thatssooodani,278,7830
450,Twitter,1671632976,7_Fuentez,154,608
451,Twitter,20700232,wgooden,8095,10963
452,Twitter,25071793,hcaskey,337,8645
453,Twitter,861497352539873280,NatStatMLB,99,6307
454,Twitter,895416170882445312,LauraACraig7,18,103
455,Twitter,384362159,WhiteBarryBonds,317,58340
456,Twitter,231652200,RGHambley1999,118,1167
457,Twitter,3303834904,OluwafemiG,1089,14822
458,Twitter,495110858,ojeksaikhoje,12511,19467
459,Twitter,1107481072617570304,popoorighro,12,334
460,Twitter,1848388687,WilsonBone,476,10256
461,Twitter,1849995475,sugerloadedgirl,282,6924
462,Twitter,452573885,TheBeauJersey,192,22641
463,Twitter,1096078438291722240,twitsandbox1,95,22408
464,Twitter,82407422,corially,422,11643
465,Twitter,237698494,tamprej,1377,77609
466,Twitter,713998580579696640,NolanDraco,4421,75262
467,Twitter,77323220,Vote4Jose,1471,3855
468,Twitter,1445229043,purorangers,3985,69436
469,Twitter,760806726,golfer4life97,844,53916
470,Twitter,1105561405862891522,pripyatboob,359,28194
471,Twitter,970646736,tayesosmooth,2039,691841
472,Twitter,1034228335,pierre_bida,965,23375
473,Twitter,1048665962684305409,nope65969856,0,6
474,Twitter,1128048596,Hinfo_bot,209,23960
475,Twitter,1119738835,DBinfo_bot,901,26025
476,Twitter,990724848270938117,JasonJo80575467,2,62
477,Twitter,20219629,Pitcrewprincess,2427,92290
478,Twitter,334580033,SonSon_55,262,8270
479,Twitter,4567884493,Skipper70723480,1340,6510
480,Twitter,2334134989,thatawesometyra,1249,10113
481,Twitter,707072361191723008,albertosc23,68,8070
482,Twitter,354304124,kimjbmr,669,29826
483,Twitter,970824475,11drawbridge,61,2096
484,Twitter,1101311742594957313,KennyKratz,4,385
485,Twitter,1597456524,RychRage,1550,1736
486,Twitter,3695890338,rob49856691,149,8258
487,Twitter,351880299,LSSportsDaily,299,7636
488,Twitter,1967068045,theOtherKOBI,26,3277
489,Twitter,826561496,DenneyLewis,284,19012
490,Twitter,34520179,JBene19,124,8442
491,Twitter,565182622,BrendenNix,180,538
492,Twitter,1019732400723644416,KariGuz00495491,257,21572
493,Twitter,2725320776,StannisAF,714,96831
494,Twitter,4869637773,kathyjmartin51,51,7788
495,Twitter,513424366,txguy0832,7,218
496,Twitter,518176349,JngddNg,71,2074
497,Twitter,478309096,Martinez_EricM,29,2994
498,Twitter,463297213,GTOphil,739,99929
499,Twitter,2240929639,jennsegura_,676,38761
500,Twitter,40544676,C_Mueck13,779,22573
501,Twitter,791440854292443136,KingzFan916279,556,48109
502,Twitter,791053627892854784,random_lovelady,123,6145
503,Twitter,1117280954442117120,SeattleSportsHT,5,15
504,Twitter,27819811,mypancreasbroke,356,24727
505,Twitter,32794872,ajnrules,907,27444
506,Twitter,1116571491049594880,ba_dallas,4,225
507,Twitter,609354490,hugo_laureano,97,12436
508,Twitter,2947041633,marcelmyrick70,862,8336
509,Twitter,29243564,ndtex,2922,147595
510,Twitter,2586359316,Vanessa_dlc25,1069,16181
511,Twitter,430168240,krachmonst,17,310
512,Twitter,2166975092,TCinDALLAS,1132,139848
513,Twitter,24622738,SarahLindahl,56,893
514,Twitter,14791934,sewnunsense,128,1151
515,Twitter,221298930,Chorny_127,208,7717
516,Twitter,2561322136,MarinerMemes,87,113
517,Twitter,797527287809933317,Tony101658,187,3448
518,Twitter,2978590903,WarcThe12fthMan,382,19917
519,Twitter,4031441917,vandutch8,37,5293
520,Twitter,2570427559,Branson_Dixon,630,16235
521,Twitter,364083586,Kyle_Bird17,1621,4743
522,Twitter,744590051196141569,garrityv_t,498,16597
523,Twitter,390526477,ryancfrier,612,14034
524,Twitter,25838632,JaredSandler,26840,125550
525,Twitter,872933036207218688,CplSlicks,8,361
526,Twitter,69310317,TheKevinPoppe,1832,9022
527,Twitter,785312929306390529,mrsn629,63,2481
528,Twitter,893251609442082817,Marshall_CLE,1241,30442
529,Twitter,574143568,MirnaYosseley,1107,69377
530,Twitter,987522837794652160,ken_callihan,9,197
531,Twitter,1110438710263382016,odonfitna,9,293
532,Twitter,326590044,jjbarnhart,344,23406
533,Twitter,281622390,LeaLlovet,1210,83914
534,Twitter,4790344093,18_ashleyyy,527,12102
535,Twitter,889318460429348864,moisessss11,329,5335
536,Twitter,914955362737971200,Michael4dadogs,12,2829
537,Twitter,792700537,TexasCop245,186,8541
538,Twitter,796163467313025025,marianajamilett,2689,14441
539,Twitter,1002933828565000192,Archery_HTX,0,5
540,Twitter,859211625928306688,catwilson3232,200,1121
541,Twitter,287907140,LaykenWoolls,1152,24067
542,Twitter,3277784006,Leidyy_15,195,1757
543,Twitter,64119313,h_kort18,92,3690
544,Twitter,1073747639592779776,samttcas,73,226
545,Twitter,3038641164,txblondechicky,3,17
546,Twitter,493833617,Ricaleek07,533,3210
547,Twitter,1360229773,mcgill_kathleen,30,1690
548,Twitter,19584082,UTexJim,782,145150
549,Twitter,843148598363799553,joc_yyy8,602,11521
550,Twitter,2579704934,kbrown0524,237,2282
551,Twitter,21435485,RhettButler1,677,2939
552,Twitter,779088689146105856,mendezdaisy012,178,1147
553,Twitter,909182143,_giisseellee_,789,26781
554,Twitter,1066408531476144129,DevInHitting,49,148
555,Twitter,3065784248,xoverdosee,309,795
556,Twitter,3248416843,cowgirlaylin,1366,5219
557,Twitter,29481546,coachmtz,275,355
558,Twitter,937883317994602496,eastonsocal,48,42
559,Twitter,743101409168527362,osridge11,159,2914
560,Twitter,134504946,serchster,178,21243
561,Twitter,383923723,JH3_Holy,488,11054
562,Twitter,106526737,putafyah,322,37987
563,Twitter,4726021015,knicoles528,2376,22683
564,Twitter,483572614,tedster33,83,1918
565,Twitter,230650585,ToranShahidi15,1006,18361
566,Twitter,598883837,Ash_Lorraine30,359,6195
567,Twitter,416464823,MarkhamShawPyle,927,7305
568,Twitter,2465520416,bdd4life2,17,376
569,Twitter,1115757070618451970,predinbarta,1,49
570,Twitter,1002743793383329795,SavMMcDonald,184,2393
571,Twitter,1041079969,DRSonnenburg,76,867
572,Twitter,565577285,EricaSyptak,605,2271
573,Twitter,52283771,DeputyTeddyBear,187,5821
574,Twitter,800476092175818753,713to_da832,57,4365
575,Twitter,3171088202,JRob1066,17,965
576,Twitter,1116333479837540356,BrittanyKappler,12,2
577,Twitter,171601052,ProfJonTaylor,3560,169982
578,Twitter,174092971,ICEgelski,680,90781
579,Twitter,728756454,JoshMusquiz,395,9599
580,Twitter,1865462276,lance_billeaud,153,2031
581,Twitter,252873267,AmyLow14,587,28129
582,Twitter,76170428,TXler,49,2537
583,Twitter,884409307,shaggydc75,133,1819
584,Twitter,472481217,WaldLivingston,99,6753
585,Twitter,750356357497315328,RPJensen91,630,99
586,Twitter,33225652,AvaAddams,553589,64414
587,Twitter,1301164868,DMorrissey84,42,332
588,Twitter,887710295094898688,Teamsimseastbay,150,349
589,Twitter,1118291764383756293,CdhAnd,39,29
590,Twitter,2367651450,geauxzacc,67,515
591,Twitter,775148384604663808,dleehorton11,151,2478
592,Twitter,1038267183502176256,tidalsports,37,106
593,Twitter,3308347212,_____DR2k2_____,14,985
594,Twitter,1511203824,KevinFellers,223,1063
595,Twitter,1074476484,RakeCityBoss505,700,1680
596,Twitter,20814430,KPRC2AdamW,25348,86873
597,Twitter,983402095188611077,ABforAutism,873,62
598,Twitter,780441596948905984,DST_Dennis,661,7717
599,Twitter,4052608454,JPoa26,56,6233
600,Twitter,448527938,MyraA_63,136,6827
601,Twitter,127645949,Tish0218,23,51
602,Twitter,24185549,MelissaLovesHOU,2873,25018
603,Twitter,24782878,orwallmom,65,3575
604,Twitter,2864481742,Danielabga,305,7393
605,Twitter,129843276,AOPharis,212,7187
606,Twitter,321619977,juliepassports,1746,29622
607,Twitter,3348095103,aguzzy05,219,3347
608,Twitter,758778587767898112,csrosasphoto,53,244
609,Twitter,2287524481,kimwilliamson00,36,740
610,Twitter,18809926,jeffpickering,1562,7650
611,Twitter,48133505,mikeshaub,1021,11011
612,Twitter,3304471385,stfuluke,84,1531
613,Twitter,93000508,ripkenfan,3456,28527
614,Twitter,1081736466835886080,2Chokejobs,14,156
615,Twitter,936420859782225920,PaulaJean020969,29,679
616,Twitter,915037399742283781,somosLosAstros,149,2746
617,Twitter,609384506,DaniDanimorales,75,354
618,Twitter,88602273,bryan_c_parker,420,1604
619,Twitter,1100581480957382656,tinyaltuve,1,43
620,Twitter,1045334995785732096,michael66135518,9,251
621,Twitter,242068490,jrlaforge416,447,9153
622,Twitter,100668239,SSPE15,628,56529
623,Twitter,1036472717581709313,Chris6dFilms,24,554
624,Twitter,985502134136270848,masterdiggy16,47,11714
625,Twitter,487532671,TerryDianePTX,717,24488
626,Twitter,461616119,ZGazire,469,32587
627,Twitter,1970180016,micha6504,123,13119
628,Twitter,1899334369,x99mp,129,5812
629,Twitter,271692488,Princesswikki,3297,86600
630,Twitter,377784686,DarthChipper,1463,113825
631,Twitter,2988388324,domjones42,164,3761
632,Twitter,1691257075,jacobbocce72,25,356
633,Twitter,817579230477295616,horns_up16,73,2021
634,Twitter,1112072081452097537,GmPadres,360,5668
635,Twitter,564151009,The_Real_Armand,397,22171
636,Twitter,997515506046423040,dansby_s,482,235
637,Twitter,3067251150,jaydonduval,47,1608
638,Twitter,36122431,matts2kool,706,15275
639,Twitter,3592272796,tdhunter10,153,7905
640,Twitter,2774838991,haden_holtje33,124,680
641,Twitter,1594460364,BenhTice,291,5940
642,Twitter,1426780195,LEDLuke,206,3106
643,Twitter,78672863,2_seamfastball,225,9279
644,Twitter,4319700376,plummer2_saving,156,5046
645,Twitter,4765140612,jf_0126,64,910
646,Twitter,178406681,im4wildcats,66,1392
647,Twitter,732229754045104128,CubanMissiIe,435,66784
648,Twitter,3305215745,TrxppeBosstar,1074,16137
649,Twitter,768590859906449409,SamuelWiIson615,87,14331
650,Twitter,3027424817,ESPNKemp,3242,2725
651,Twitter,78725208,BCB_Sara,920,11778
652,Twitter,2458815495,AstrosRants,4588,15199
653,Twitter,515808892,thestout79,8504,123836
654,Twitter,2459728658,CLELineup,579,1949
655,Twitter,2459035872,HOULineup,632,1927
656,Twitter,876928439470653441,tico1079,111,4228
657,Twitter,442161909,CorrieNichole,55,73
658,Twitter,2908693941,cerenaaa_,422,25670
659,Twitter,905313152014749696,daaniielle0,740,350
660,Twitter,745993432410226688,BourbonPleaz,62,692
661,Twitter,710689466034204673,Eli_D1bound55,206,1916
662,Twitter,75195121,FRomeroAstros,1439,8057
663,Twitter,3066971928,Elemen0_P,357,20327
664,Twitter,373125679,987TheBlock,783,498
665,Twitter,808369997743390720,PuebloAthletics,557,2485
666,Twitter,748568773905375232,Robert_C81,109,372
667,Twitter,775795023950389248,DomtheBomb_07,98,302
668,Twitter,1119258111838236672,TheG092981,14,1
669,Twitter,260564339,Mr_Hughes07,168,1486
670,Twitter,15656069,AmazingGreis,3502,124780
671,Twitter,66792458,wewosux,144,2912
672,Twitter,347627904,AlanOfHouseLugo,681,31728
673,Twitter,1698242336,lprejean48,674,9954
674,Twitter,3762802700,leila_renee1,112,374
675,Twitter,744277344727113728,valerieec12,104,551
676,Twitter,1353234036,TheTaylorAlyssa,1915,15641
677,Twitter,234592592,jackiemamasuki,85,3501
678,Twitter,1661277906,soupsnake813,31,4121
679,Twitter,20568509,gutimom,4097,68882
680,Twitter,584413318,dev713,172,4358
681,Twitter,3015918901,0178_1,2,74
682,Twitter,2456923358,brolandoooo,269,11399
683,Twitter,365565644,BrandyAnnTX,367,10475
684,Twitter,16876532,Trevinogirl08,255,2416
685,Twitter,1017904035318435844,dori38448324,5,787
686,Twitter,63264626,ScottBarber22,953,3068
687,Twitter,623570691,sdlewis75,38,1248
688,Twitter,859667544,MrHTownSports,688,11621
689,Twitter,1241803771,JeffBuchanan6,128,3689
690,Twitter,180971067,RonnieBuford,89,3549
691,Twitter,878638568,HUGFINE,178,11633
692,Twitter,69321700,DaveMcCannKSL,16104,13203
693,Twitter,896016352908988417,Mrs_LGarcia,121,442
694,Twitter,1070853419173404672,camrynejuliett,14,77
695,Twitter,3476569753,SportcorePro,1692,3747
696,Twitter,75912763,CodyAPhillips,54,2012
697,Twitter,404671959,RaiiMichelle,725,164938
698,Twitter,329670135,SarKevin,563,6990
699,Twitter,1061228834,T_Hill4,58830,321
700,Twitter,1601262397,TexansJohnny,1083,35550
701,Twitter,1431544495,awilkerson25,803,1263
702,Twitter,78515008,MarkBermanFox26,45540,46276
703,Twitter,839842957587017730,bayron_2800,9,918
704,Twitter,1053152551598743552,JoeBradyKing1,15,347
705,Twitter,58511519,ChrisHamre,31,644
706,Twitter,1089079981077028864,Typical_DK,33,251
707,Twitter,100288588,SimsFitnessTX,56,63
708,Twitter,1087403334456221699,JoseLui15263793,32,318
709,Twitter,2867154166,mlbjoe33,394,266797
710,Twitter,480534415,era5950,362,25493
711,Twitter,396938826,Steph_Parady,25,2786
712,Twitter,586431955,conuys,572,232419
713,Twitter,1367803644,adeleon69,191,3230
714,Twitter,758800267693268997,MissChansClass,172,652
715,Twitter,232239499,OswaldoArraez13,82,302
716,Twitter,32705720,billysims1978,8013,1114
717,Twitter,1651611438,agoodman0818,432,2463
718,Twitter,111744792,AllSportKing,2720,11025
719,Twitter,1073926076,KidCaballo_45,86,3796
720,Twitter,958119504,vinaco21,1444,785137
721,Twitter,975846981376598016,RafaelL64610227,6,75
722,Twitter,938569854075981824,TerryrichardHa1,10,402
723,Twitter,3168091021,ttoorrii15,498,3074
724,Twitter,2384236987,KenRaty,88,671
725,Twitter,2402754554,KryssyCae,101,726
726,Twitter,930208819573125120,charlee96928510,193,1238
727,Twitter,967569109021085696,brennakelly2020,42,169
728,Twitter,1563428058,tvwizard85,1261,53111
729,Twitter,2225123188,MiguelADelgadoS,1284,10825
730,Twitter,2411920027,_Lala226_,175,6418
731,Twitter,1390614798,JhonderVeloz,11,434
732,Twitter,1069451407798018048,Angel25104858,16,25
733,Twitter,173233253,sportblogg,161955,357643
734,Twitter,44083054,shortyb79,586,6201
735,Twitter,734756566436597760,jpesantesy,101,671
736,Twitter,1942559348,Gina52G,93,8888
737,Twitter,2859989171,ltillustrations,1843,447
738,Twitter,18440701,TexasAmerica,1175,94313
739,Twitter,143994068,ManolinOrtega,3947,23832
740,Twitter,818277658001887239,thesaw1216,392,32069
741,Twitter,1029571896025788416,CartrettJanel,334,3626
742,Twitter,1030985875,kyle_folks,27,67
743,Twitter,628778576,Browns_Fan32,3215,189714
744,Twitter,2658336535,zoo_illogical,126,2822
745,Twitter,160772211,twhite409,22334,3350
746,Twitter,1198548644,GTSportsMkt,803,303
747,Twitter,976497757971210241,SassyLance43,33,366
748,Twitter,1321478263,hasthatmanyprob,14,874
749,Twitter,1052798039319080960,aerowe18,31,246
750,Twitter,989170834219720705,ReyJocelin,119,3668
751,Twitter,247388057,Itzy__,183,5355
752,Twitter,45270230,jaclarkson,1209,7750
753,Twitter,44287260,WeberPhilip1,161,4780
754,Twitter,795025842787221512,antonioquestel2,3,4
755,Twitter,1088263508909793286,FernandoCaizal4,6,133
756,Twitter,58824513,reporterjulie,3089,54625
757,Twitter,715773709852782595,BradStudnger,53,1583
758,Twitter,1060944619771514881,bribrod50,2,87
759,Twitter,2252829860,ben_bejohnson76,1,26
760,Twitter,47842610,mhimsl,82,790
761,Twitter,18479513,MLB,8315554,169062
762,Twitter,257066950,sandyhdz6,129,5342
763,Twitter,2320178672,EshBrosCards,1530,19651
764,Twitter,1063547872552124416,VistaMundo_gv,82,254
765,Twitter,1416571771,Vin100Noel,674,1883
766,Twitter,2875109169,ballecourbe,2663,12120
767,Twitter,1102976105538043905,VenezuelaSOSBot,99,10798
768,Twitter,1011652219266093056,SportsCardBOT,398,33024
769,Twitter,1085505500538646528,Coach4Charity,36,105
770,Twitter,61961404,TitusTiger,96,15803
771,Twitter,87690452,elnuevodiariord,190436,283563
772,Twitter,919944091055554562,DNeubacher950,456,5418
773,Twitter,419735656,DeadlineDetroit,14681,42736
774,Twitter,1873088527,FrankBird22,35,1189
775,Twitter,720861883348090880,muncy_lucas,81,2565
776,Twitter,1087189487564791808,158Mutley,3,204
777,Twitter,299933640,ASPTCA,59,7557
778,Twitter,3107890312,AlexanderVal19,1331,31825
779,Twitter,83051705,jchm37,209,43283
780,Twitter,722046265039695872,GiuseppeDiBatt4,18,1493
781,Twitter,4871054872,AlexyBohorquez,19,2703
782,Twitter,2304640906,linarete,109,1648
783,Twitter,91668742,dasilvalissette,629,9207
784,Twitter,132605539,AnaMariaSanch_,688,12792
785,Twitter,306937713,MaryoricG,75,6129
786,Twitter,1111234210734460928,ElOsoJudo1,0,13
787,Twitter,2358642924,McarolaVO,64,1418
788,Twitter,489454186,Darth_Alru,71,9063
789,Twitter,362937913,ScottyB44444,122,36447
790,Twitter,276446952,eazzz_e,1012,1244841
791,Twitter,3232218569,_mesientojevi,804,112654
792,Twitter,225610207,Ruizm22,324,46420
793,Twitter,183784086,SMTuchs,941,44871
794,Twitter,1046582934554140672,ComptonMeeko,91,12553
795,Twitter,2244082160,allanrubro10,84,2525
796,Twitter,2316794890,DGreeny52,818,43716
797,Twitter,1198915405,amort9924_,383,3004
798,Twitter,1074853824446099456,Seattle_09,597,14926
799,Twitter,882074607263653888,AstrosPower25,268,69040
800,Twitter,908970554,SportsTechie17,1671,29352
801,Twitter,22819823,MLBONFOX,717613,64978
802,Twitter,1354332871,alileal26,61,1874
803,Twitter,1021009794,juansarcosmusic,278,16042
804,Twitter,1121548863633076224,ArturoAlfonzo4,0,10
805,Twitter,65404252,guillermoft,464,39268
806,Twitter,1098617351195578368,pattypereda1,37,3349
807,Twitter,77091352,patxeko70,1878,16826
808,Twitter,137119226,Victorfrank01,1980,17740
809,Twitter,167433643,rubenmarti72,146,7692
810,Twitter,3149076933,dasc1986,233,6652
811,Twitter,235254953,BickaP,151,19762
812,Twitter,108721392,MARISABIGOTT,191,17702
813,Twitter,117443859,Lavenadita,206,29245
814,Twitter,205994000,Natera_AD,429,9059
815,Twitter,491912034,lguareguasr,91,10806
816,Twitter,734130850212761603,EcheniqueTito,15,3353
817,Twitter,135899111,gildeln,285,5718
818,Twitter,1012151774948610048,TwizzlerLil,0,15
819,Twitter,818255831628185605,ElizabethDurnD3,33,1852
820,Twitter,1008431603985592320,josecuicas9,8,209
821,Twitter,101071692,lgoncalves31,4280,70168
822,Twitter,88482375,oriaguilard,848,31485
823,Twitter,275394839,clacruz12,4674,30481
824,Twitter,4825434184,JLM_achado,142,4096
825,Twitter,2461464514,SanchezHaydee,50,3073
826,Twitter,2229996768,mmigelez,0,205
827,Twitter,62418070,luisaldanaizea,240,14522
828,Twitter,1049066976537190400,Chikybeta1,3,42
829,Twitter,3551790435,JorgeAlbertoChR,225,6792
830,Twitter,231600747,cottyliendo,226,7758
831,Twitter,2339544949,jebarcelo1,114,10791
832,Twitter,271230406,munrra75,92,1729
833,Twitter,1046060822542393345,RobertoJoseRiv3,17,16936
834,Twitter,62844045,ramonsirit,383,18573
835,Twitter,389760983,micheljojhak,34,968
836,Twitter,63730093,porlagoma,396109,327104
837,Twitter,1225701834,elena440523,266,18154
838,Twitter,220193595,Deepprofrance,203,2103
839,Twitter,2372909240,Salvadorjpaz,1477,9311
840,Twitter,139267516,rafelucho55,352,23635
841,Twitter,3258376353,MigdaliaCGF,11,4531
842,Twitter,235736348,neurotico74,10089,25736
843,Twitter,399337643,jorgemekel,504,5938
844,Twitter,130584915,ranv2000,34,905
845,Twitter,76947892,cmrondon,2747083,112427
846,Twitter,71475563,AVasquezzz90,2362,28425
847,Twitter,2345184467,InagaLorena,11,968
848,Twitter,258143533,Beisbol_Menor,3237,30154
849,Twitter,4218166924,frankfa_,88,25409
850,Twitter,450991824,colt745flockin1,580,34057
851,Twitter,147744356,reyeslf,484,2303
852,Twitter,1161270847,hnoyag,92,5499
853,Twitter,28023334,GinnyTerzano,919,6912
854,Twitter,991426279999201280,DonnaC83832642,335,47406
855,Twitter,4158835149,froropezaa,63,7067
856,Twitter,195516338,trodri03,89,3950
857,Twitter,120908354,alejandroizarra,190,20813
858,Twitter,208693419,gusgararq,178,15712
859,Twitter,110978544,jrivas2010,431,9149
860,Twitter,164800138,carloscanelont,106,9095
861,Twitter,1951543986,ORLYOJE,86,8396
862,Twitter,144390416,___________anto,312,3570
863,Twitter,702199511297486848,ElCriolloSport,6160,4333
864,Twitter,222106378,Cyn190,1311,116240
865,Twitter,3623735359,StevenGold67,99,14767
866,Twitter,2459724596,BOSLineup,790,1907
867,Twitter,2459725110,DETLineup,479,1913
868,Twitter,2249424238,BaldMikeRoss,22,222
869,Twitter,15963425,geminimoon,2199,42193
870,Twitter,900662598,stevechimenti,443,33077
871,Twitter,702634120439062529,76Bushmaster,388,4397
872,Twitter,2459726726,CHWLineup,616,1875
873,Twitter,1009480998839517186,SillyString9,73,1472
874,Twitter,1118602928309329921,Kiley4T,1,26
875,Twitter,1021545759844573184,Darlene66655810,1,56
876,Twitter,960645946198634496,EaglesTD11,175,5014
877,Twitter,2459048942,PITLineup,604,1883
878,Twitter,955311086999359488,CastlemanGaming,39,855
879,Twitter,1121650929407709185,Rakib24731902,88,170
880,Twitter,21732128,sweetauntfanny,76,5227
881,Twitter,2459747989,SEALineup,629,1876
882,Twitter,2459752033,TEXLineup,467,1921
883,Twitter,906714505807372288,damron_ethan,55,2981
884,Twitter,897874950069125120,ThriveFantasy,2618,6541
885,Twitter,248955534,lonestar53091,154,3085
886,Twitter,35909406,grannon2001,37,721
887,Twitter,1543816466,JimTorrence,262,2029
888,Twitter,26317914,la_gringa_coco,82,2108
889,Twitter,1703815434,Doporto21,827,42564
890,Twitter,897113721344077829,engrav_kersti,137,739
891,Twitter,58707486,rafaelrivolta,252,4683
892,Twitter,1090393867663269888,SportsDrankClub,31,102
893,Twitter,269545812,cbriceno5,419,14138
894,Twitter,82529553,JRaulMI,172,4165
895,Twitter,519907931,JoseManuelBuitr,206,4284
896,Twitter,276323981,beisbolporgotas,5233,53284
897,Twitter,209433597,BENEF1T,77,1047
898,Twitter,1120201688457957376,TheAlltimateOne,0,28
899,Twitter,368644208,RussellVasquez1,2153,8114
900,Twitter,2873483858,gymmiranda1,11,1625
901,Twitter,601275033,palytwit,97,3363
902,Twitter,1255837838,JesusDellaPolla,11,83
903,Twitter,979475405932515328,boomsticknews,6,81
904,Twitter,100626326,arreazaortega,119349,39598
905,Twitter,94255765,richar1969,7586,37638
906,Twitter,2459731368,OAKLineup,369,1874
907,Twitter,140433660,hdeaph,128,300
908,Twitter,472273248,FrankRamirez70,451,18305
909,Twitter,317269300,leocadavidtoro,171,6006
910,Twitter,904598167,sellatuparley,3655,25389
911,Twitter,583943061,mr_rwinter,1300,11956
912,Twitter,151174908,JESMA2105,220,24294
913,Twitter,253026493,gerrarrddo,264,8745
914,Twitter,954437383436603393,bmouthbears18,97,211
915,Twitter,261450833,sports967fm,1576,21962
916,Twitter,462327564,MAGAVINOTINTO,1036,79203
917,Twitter,1431772159,francheskysalsa,2655,137959
918,Twitter,1308503797,annel_19,134,7612
919,Twitter,134907039,maxwell1515,790,62120
920,Twitter,114905437,ymvg12,782,42214
921,Twitter,1117909551951564801,Rodrigo05492707,4,227
922,Twitter,305706961,jorge_mosqueda,100,4788
923,Twitter,754773197027995648,eulogiohernan14,53,1825
924,Twitter,1352124540,isbelialn,279,7517
925,Twitter,254614067,AlejoAlezard,196,8052
926,Twitter,2150017598,MLBVenezuela,41371,19375
927,Twitter,776474092249702400,losrangers,11200,5145
928,Twitter,548114664,Matt_Stepp817,21355,162543
929,Twitter,1025574894,Mike_t_Roberts,88,2974
930,Twitter,536611083,kelsey_joz,463,2191
931,Twitter,285218729,RevBigJ1,900,33232
932,Twitter,69464953,chape94,585,4916
933,Twitter,2241033126,tobyclay_tb,375,2445
934,Twitter,53441917,jdupouy,114,489
935,Twitter,869355673557110784,Santos_1k,25,146
936,Twitter,3886913426,stevek1971,41,723
937,Twitter,77375171,Magallanes_bbc,645912,74241
938,Twitter,1328047705,ConCafeIncluido,494,12709
939,Twitter,78361672,gabogagftaz,269,3162
940,Twitter,33928365,TheTHF,3293,10440
941,Twitter,28636112,PBATS,5944,2939
942,Twitter,1078926293851389952,Alfreda50215155,44,6683
943,Twitter,128955725,victormontiel19,236,28659
944,Twitter,304433769,Rodery8Rodery,52,199
945,Twitter,86090977,fuenmayorgj,276,3474
946,Twitter,169489872,ffedgar,109,137
947,Twitter,459397030,joarcon,107,749
948,Twitter,324982675,ElliotRondon,166,2205
949,Twitter,889872499,leoledezma9,209,2362
950,Twitter,410580410,BeisbolLatinoRD,3888,29820
951,Twitter,63482264,jmoxfordc,2552,46695
952,Twitter,715004263001366532,khays22,64,55
953,Twitter,1120161983989469185,jtjonesy0922,6,3
954,Twitter,80954384,mamsve,90,1397
955,Twitter,462208720,CapVarelaLL,367,6615
956,Twitter,707199412,RubenDMartinezR,744,14085
957,Twitter,595094275,gin04gls,2,10
958,Twitter,113706270,ejmendozab,83,3912
959,Twitter,53228370,rickysanz,107,2867
960,Twitter,135353754,GSantoya20,218,7052
961,Twitter,79017255,AndreLugo19,487,39288
962,Twitter,761901323683934208,Loganlxndr,9,680
963,Twitter,3314065501,TJ_Kassner25,737,6528
964,Twitter,1095181761129205760,joserui73606524,16,4319
965,Twitter,3018901698,Alangamino498,482,230922
966,Twitter,1255660758,KelseySproat,55,3751
967,Twitter,1064641627,JBuddly,289,3596
968,Twitter,1231470710,adellymccaffrey,134,8096
969,Twitter,19122593,iHELLAheartyou,281,35960
970,Twitter,595495286,SFGIANTSGMAN,667,779
971,Twitter,53038237,internetinfos,5005,65603
972,Twitter,20977778,rolfjoho,21355,127581
973,Twitter,26963391,internetinfomed,24951,80370
974,Twitter,1277982481,trophymom5,1488,15019
975,Twitter,28930287,coasterron,471,8756
976,Twitter,2379974826,TimmysTwins,113,6275
977,Twitter,1323886333,aptonygutierrez,1326,4448
978,Twitter,378462569,f8th4lyf_2,438,62705
979,Twitter,33305941,gogigantesgo,577,6794
980,Twitter,25242403,JENinATX,862,63121
981,Twitter,367009972,TRCoiner,140,1188
982,Twitter,53085802,papillionbliss,394,1644
983,Twitter,206037091,teresazm,99,7146
984,Twitter,2922058784,scottydg1,23,1510
985,Twitter,23719874,Mandy3PO,53,408
986,Twitter,1116365436684308481,HelenaD99232498,3,259
987,Twitter,512143891,Abrum78,126,1261
988,Twitter,13346412,misguidedmommy,98,9954
989,Twitter,1116277028486098944,mizelicy,2,54
990,Twitter,53613938,OakWoodRoasted,1599,4841
991,Twitter,567385659,Beaustradamus_,97,1585
992,Twitter,2473494127,Popcornbytes,405,42498
993,Twitter,81410922,buehrersmom,190,4498
994,Twitter,2272082084,J2thaP_MC,72,2489
995,Twitter,127874083,mm5lb33,128,2467
996,Twitter,720098164108189697,Bondsfan24,44,1593
997,Twitter,451738818,LetsGetLexi,28909,18502
998,Twitter,1007035806,Nybookieduane,1173,13718
999,Twitter,888164608397123588,MonsterHoneyBB,190,6298
1000,Twitter,47063951,DopeWeezle,2736,26347
1001,Twitter,182059538,Armanino22,160,858
1002,Twitter,21329130,greenwaybarista,4945,23545
1003,Twitter,3240827035,LeeroyYomashima,72,2515
1004,Twitter,337340353,sarahlee1977,24,376
1005,Twitter,395934535,HoundstoothDTX,1093,615
1006,Twitter,2928908281,troymjohnson74,41,1737
1007,Twitter,804412730,juanj_baez,4587,37611
1008,Twitter,142920721,Rayecast,1428,33743
1009,Twitter,2594377808,br59will,75,14679
1010,Twitter,2648326878,travelreckless,50,612
1011,Twitter,1526603388,JLHerms,2601,58975
1012,Twitter,1945891424,pherm10,65,2997
1013,Twitter,700820383293779968,ThePinaPal,460,3133
1014,Twitter,1105899740930207750,Deborah62975704,1,354
1015,Twitter,2989528166,TheKuroKuma,969,36048
1016,Twitter,70845564,squirtmcintosh,70,2115
1017,Twitter,1007425898860220418,RogGregory1518,133,245
1018,Twitter,2310521888,bmadrigal2,5,270
1019,Twitter,21836180,IRONWORKER,182,11409
1020,Twitter,750055089759412224,LukeRomero96,59,649
1021,Twitter,521667126,Dave_From_Cali,877,6255
1022,Twitter,879257550,GiantJill,9,118
1023,Twitter,399919388,Magratheazaphod,318,6931
1024,Twitter,2705611465,SFGiantsJeezus,2192,7855
1025,Twitter,529024966,DougBrockmeier,138,82
1026,Twitter,290695092,didrums44,109,4858
1027,Twitter,194783823,BHSCouncil,4566,17766
1028,Twitter,29751800,adambarenblat,1436,1753
1029,Twitter,28033327,Eamssss,152,21519
1030,Twitter,742159208,TOROSFANS,3024,48162
1031,Twitter,1046493129665400833,fans_board,70,1001
1032,Twitter,483223,itsWanda,6897,521782
1033,Twitter,328285278,Jesus_OSanchez,717,78198
1034,Twitter,1113841596766666752,GeorgePoynor,0,5
1035,Twitter,41282554,hawaiiancowboy,24,164
1036,Twitter,34920344,VicBaezS,22377,86592
1037,Twitter,142796963,antoniopuesan,22213,83602
1038,Twitter,3321208217,MaltedMet,625,6140
1039,Twitter,179675644,TorosdelEste,46584,55642
1040,Twitter,1103575141169033217,PaulKhosh,47,70
1041,Twitter,86960669,amdmmm,654,16583
1042,Twitter,139206570,mccraneyangels,166,5895
1043,Twitter,1955585959,jehc80,48,136
1044,Twitter,862111975,KrissyL0VE,197,275
1045,Twitter,42426007,Roaddawg55,57,350
1046,Twitter,1103711509530632192,hillyard_w,0,19
1047,Twitter,19567231,Klocke_Mike,1513,12596
1048,Twitter,951111013084131329,Mika66420944,31,347
1049,Twitter,840670632,kottonkandy405,174,4056
1050,Twitter,1033285939,duckpondmedia,588,24164
1051,Twitter,39905936,bunnieeatmuffin,1110,26456
1052,Twitter,407051426,jbaby061307,342,19480
1053,Twitter,947097001,illwillrocket,7,169
1054,Twitter,54361405,CarlitaLincecum,1993,317811
1055,Twitter,3148608369,SFGiantsBrazil,87,1246
1056,Twitter,27296968,blardo11,225,848
1057,Twitter,1392259632,Greeneyes89511,87,2090
1058,Twitter,489155548,T_Wright916,105,2819
1059,Twitter,183850031,seanmmullen,55,1228
1060,Twitter,1020491274,Pinkboxdoughnut,1531,5048
1061,Twitter,3953701337,MinnRussian,391,3636
1062,Twitter,21842584,FOXSportsSW,72431,53540
1063,Twitter,246060463,ISEBaseball,8710,6741
1064,Twitter,383953966,YiraThenGomez,868,19674
1065,Twitter,627841864,talentofutbolec,2096,16887
1066,Twitter,288213772,manucarmona48,276,55096
1067,Twitter,588834704,a_cruz3,851,99911
1068,Twitter,2951428392,aussielynda2,15,549
1069,Twitter,950976570,NorbertoLopezRo,26,4857
1070,Twitter,431911249,Elreydelaradio,72483,142691
1071,Twitter,940302040651190273,CuevasYorkin,68,5329
1072,Twitter,2376271316,rgo2524,1171,166383
1073,Twitter,1663390670,tylerstenton,61,1126
1074,Twitter,338785977,fabioalmonte1,758,24976
1075,Twitter,26858420,RickMatchett,1499,16906
1076,Twitter,16602049,harpertx,687,45423
1077,Twitter,3040077169,mabelcarmenez,2415,88834
1078,Twitter,1064307123419525120,Don_MannyOG,129,2393
1079,Twitter,55073162,LasMayores,230465,176098
1080,Twitter,741163411229290496,RangersRantz,309,4788
1081,Twitter,346918630,ieaf29,447,50295
1082,Twitter,2149774357,MLBDominicana,22610,22368
1083,Twitter,322184078,FoundEngineer,139,22661
1084,Twitter,29830193,clrinehart,546,34782
1085,Twitter,3034806566,jaadabug,421,8905
1086,Twitter,46520625,aandro,18283,69410
1087,Twitter,2867815693,bevosmyhero,73,1726
1088,Twitter,2591732749,DoItForDurrett,3339,2014
1089,Twitter,1002237472338841600,matt_waldeck,5,81
1090,Twitter,2576888598,thejenallison,93,1792
1091,Twitter,708364986276388864,MrCoachWest,170,6467
1092,Twitter,32325161,OhBrittanyL,308,20585
1093,Twitter,277228187,dtray98,223,11653
1094,Twitter,222175499,mjcatc,1114,12006
1095,Twitter,4669025401,BeastyBri,20,595
1096,Twitter,17348326,chadej75,244,8149
1097,Twitter,776254095820664833,AaronFurq,430,15452
1098,Twitter,3166180992,juanstrikeaway,59,1352
1099,Twitter,21925358,gfraley,11897,30095
1100,Twitter,3025433766,collazo9_miguel,3,2
1101,Twitter,25274691,robinbobo,580,18147
1102,Twitter,3284469252,rangergrl71,97,2575
1103,Twitter,2818542500,jackieorr_,682,6699
1104,Twitter,820779079,rmarie717,2690,63104
1105,Twitter,749262236368109568,kenziesmom131,184,8627
1106,Twitter,2459727516,LAALineup,668,1901
1107,Twitter,415807664,TylaBrooksher,87,2591
